{
  "b": -0.9662884820228625,
  "lambdaL2": 0.05,
  "w1": 0.8503714407304767,
  "w2": 0.4839299698332898,
  "w3": -0.012406546430714212,
  "learningRate": 0.1
}